,library size
0,8.285009
1,8.011355
2,7.9494443
3,7.9423623
4,8.1101265
5,8.501064
6,7.8018003
7,7.7475967
8,8.67744
9,8.036897
10,8.341649
11,8.269501
12,8.301025
13,8.707483
14,8.553911
15,7.9892216
16,8.687274
17,8.7904215
18,8.457019
19,8.813141
20,8.898502
21,8.240649
22,8.077758
23,8.005367
24,8.0680895
25,10.030781
26,8.855093
27,8.708805
28,8.856803
29,9.123474
30,9.528139
31,9.5785885
32,9.656883
33,10.007082
34,8.629092
35,8.968905
36,8.726968
37,9.289336
38,10.162114
39,8.70417
40,9.918819
41,9.951706
42,9.8494005
43,9.057772
44,9.585415
45,9.3957405
46,9.528139
47,8.862484
48,8.454253
49,9.723224
50,8.868132
51,9.492206
52,9.770927
53,9.128371
54,10.327055
55,9.651559
56,9.674704
57,8.846929
58,9.163249
59,9.962652
60,8.03722
61,9.179159
62,8.362409
63,8.099858
64,9.52252
65,9.051228
66,9.652138
67,9.144948
68,8.887791
69,9.565214
70,9.666372
71,8.38229
72,10.685858
73,9.933823
74,8.711773
75,11.11641
76,8.702012
77,9.826984
78,8.283747
79,9.495745
80,9.151863
81,10.546104
82,9.674704
83,9.672186
84,10.002745
85,9.592128
86,9.617737
87,9.608042
88,8.185629
89,8.351139
90,8.244334
91,8.271293
92,9.39823
93,9.277251
94,10.174316
95,9.783352
96,8.546557
97,8.547528
98,8.135933
99,9.671997
100,9.662625
101,9.463276
102,9.042513
103,9.898625
104,9.2408695
105,9.743026
106,8.89041
107,8.9668665
108,9.633449
109,9.84919
110,8.931024
111,9.848503
112,10.029724
113,9.050172
114,9.497172
115,9.575053
116,7.904335
117,10.001567
118,9.785436
119,9.619997
120,8.473032
121,8.525757
122,9.73572
123,9.7172785
124,9.18338
125,9.684772
126,8.815815
127,9.362632
128,9.39823
129,9.057305
130,9.202309
131,10.174544
132,8.16962
133,9.278653
134,9.52923
135,9.627997
136,8.705663
137,9.260463
138,8.410943
139,8.731659
140,9.690603
141,10.578343
142,10.034779
143,9.968198
144,9.701004
145,9.423838
146,9.497473
147,10.394488
148,8.285261
149,8.737292
150,9.300912
151,9.890453
152,9.692149
153,9.526829
154,10.059765
155,8.7489395
156,8.991687
157,9.380168
158,9.497698
159,10.2334385
160,9.758982
161,9.346269
162,10.201738
163,9.822657
164,8.930494
165,10.455331
166,9.9734335
167,9.683963
168,9.184099
169,9.770528
170,10.990989
171,8.687442
172,9.904937
173,9.295692
174,9.890453
175,10.065011
176,9.057305
177,9.312265
178,9.721186
179,8.133588
180,10.268617
181,11.016989
182,9.850245
183,9.050641
184,9.514215
185,9.266153
186,9.050055
187,8.98907
188,9.371694
189,10.23146
190,10.351246
191,10.0386305
192,9.704122
193,9.338294
194,10.013149
195,9.635151
196,10.167889
197,8.66164
198,8.665441
199,9.45681
200,9.330077
201,9.712327
202,9.208339
203,10.037363
204,8.542471
205,10.346216
206,9.680469
207,9.596147
208,8.35538
209,9.780359
210,9.084777
211,9.905286
212,10.09514
213,10.086018
214,9.18492
215,9.374837
216,9.137124
217,9.912943
218,8.588024
219,10.367661
220,8.764366
221,10.164235
222,10.453601
223,9.925347
224,9.830111
225,9.017968
226,9.47255
227,9.690108
228,9.340667
229,8.515391
230,9.001347
231,10.077525
232,10.119365
233,9.770242
234,9.641408
235,9.226804
236,10.175917
237,9.295417
238,8.1953335
239,9.141419
240,10.183956
241,9.576718
242,8.989445
243,9.353921
244,10.009738
245,9.998661
246,9.070619
247,9.813508
248,9.4513235
249,8.637107
250,9.868948
251,8.870382
252,9.023408
253,8.943506
254,9.553718
255,9.260463
256,8.546169
257,9.27416
258,8.730206
259,9.280892
260,10.228754
261,9.823307
262,8.123558
263,9.430119
264,9.147826
265,10.109567
266,8.76202
267,9.7177
268,9.523471
269,8.921057
270,9.904986
271,10.120171
272,9.622052
273,9.5906925
274,8.684739
275,10.078827
276,9.070963
277,10.060576
278,9.166284
279,9.150484
280,9.17108
281,9.128154
282,9.717218
283,9.650271
284,9.028818
285,8.871084
286,9.685953
287,10.002745
288,9.836599
289,9.37297
290,9.760426
291,7.9522634
292,10.413643
293,9.966979
294,9.217912
295,8.900685
296,8.409608
297,9.130648
298,9.128696
299,9.714624
300,10.155763
301,10.31135
302,8.631058
303,9.576996
304,10.378852
305,9.663071
306,10.414963
307,9.536185
308,8.70963
309,9.777867
310,10.209206
311,8.425955
312,9.871842
313,8.906936
314,9.7237625
315,9.541225
316,9.140669
317,9.53986
318,9.912051
319,9.92569
320,9.847922
321,9.559729
322,8.130059
323,9.611999
324,8.424419
325,10.022026
326,8.900549
327,9.6715555
328,9.963548
329,9.135186
330,10.278287
331,10.064287
332,9.203618
333,8.957897
334,10.277841
335,10.098396
336,10.143803
337,9.542805
338,9.273128
339,8.768107
340,9.292197
341,10.052424
342,10.221686
343,8.825413
344,10.257098
345,9.579556
346,9.663579
347,10.000841
348,9.403767
349,9.23591
350,10.354531
351,9.878067
352,10.243631
353,9.312536
354,9.591445
355,9.380758
356,8.7936125
357,8.390722
358,10.073188
359,9.850087
360,9.639001
361,9.593355
362,10.158943
363,9.801178
364,10.715462
365,8.262043
366,9.264355
367,9.124674
368,9.529085
369,8.851664
370,7.969012
371,9.127828
372,9.230143
373,10.342742
374,9.105758
375,8.361709
376,8.818335
377,8.579792
378,8.79179
379,9.228082
380,9.05649
381,9.460476
382,9.480444
383,10.718786
384,9.41589
385,8.109526
386,10.077987
387,8.728426
388,9.535391
389,8.820552
390,8.800114
391,9.574428
392,8.431853
393,9.625558
394,8.838841
395,9.357553
396,8.069029
397,8.483223
398,8.876964
399,9.003808
400,9.327767
401,8.512984
402,9.889135
403,9.171807
404,9.6360655
405,9.620395
406,10.095883
407,8.925986
408,8.104704
409,9.328123
410,7.976252
411,7.9330797
412,9.991544
413,7.7668405
414,9.360913
415,9.434204
416,8.694502
417,10.349647
418,9.920148
419,9.791382
420,9.25129
421,8.504311
422,9.618003
423,9.134539
424,9.333443
425,8.939188
426,8.969415
427,9.612734
428,10.030032
429,9.472089
430,9.408043
431,10.069002
432,8.503702
433,8.183956
434,7.9168077
435,10.17298
436,8.807622
437,7.752335
438,9.031812
439,7.967973
440,10.098314
441,8.77663
442,9.123584
443,9.896715
444,8.609591
445,10.545973
446,10.018556
447,9.784423
448,9.172223
449,9.759849
450,9.41532
451,9.568015
452,10.249273
453,10.673527
454,9.819508
455,10.277634
456,9.414016
457,9.27968
458,9.34592
459,10.420762
460,9.333
461,10.575411
462,9.454071
463,10.388842
464,9.843684
465,8.683386
466,10.030076
467,9.632204
468,8.939974
469,9.322418
470,9.988426
471,8.847073
472,10.018824
473,9.340667
474,10.115893
475,10.247715
476,10.294888
477,10.721261
478,9.426016
479,9.998025
480,9.505395
481,9.33521
482,10.08088
483,10.300013
484,9.770299
485,9.97152
486,9.921328
487,9.927937
488,9.723883
489,9.784423
490,10.086892
491,9.393162
492,10.084183
493,9.940831
494,9.488048
495,10.345477
496,9.773265
497,10.23009
498,8.886685
499,10.421388
500,9.009814
501,9.255505
502,10.369923
503,9.604745
504,10.441559
505,9.471165
506,10.269831
507,9.350798
508,9.603935
509,10.73086
510,9.954703
511,9.435003
512,9.854403
513,9.564933
514,9.511408
515,10.123947
516,9.755161
517,9.680469
518,10.686476
519,10.400011
520,9.014325
521,10.186823
522,10.813418
523,9.972967
524,10.220777
525,10.378541
526,9.154722
527,8.8775215
528,10.213285
529,9.339788
530,9.7379055
531,10.624444
532,10.060192
533,10.514204
534,10.081467
535,9.77298
536,9.895758
537,9.9229965
538,10.037231
539,9.24116
540,9.900934
541,10.304141
542,10.151636
543,10.066499
544,10.323645
545,10.5828905
546,9.424241
547,10.108426
548,10.366813
549,9.923045
550,10.077105
551,10.188027
552,9.843366
553,10.28875
554,10.381893
555,9.853614
556,10.555005
557,9.606697
558,10.307017
559,10.322198
560,9.250523
561,9.802672
562,9.257701
563,9.631876
564,10.7274
565,11.154864
566,10.587846
567,9.0766945
568,9.040501
569,10.457631
570,9.118664
571,10.795362
572,10.767242
573,10.278047
574,9.673885
575,10.661017
576,9.30073
577,9.661861
578,10.946887
579,9.21174
580,10.671997
581,9.178746
582,10.539959
583,10.378105
584,8.480114
585,10.053028
586,9.903288
587,9.592878
588,10.611351
589,8.901639
590,10.91538
591,9.637045
592,9.968291
593,10.698017
594,8.603921
595,10.508595
596,9.751385
597,10.08435
598,10.829689
599,9.697816
600,10.202072
601,10.4158325
602,10.605917
603,11.169632
604,9.593424
605,10.823072
606,9.561279
607,10.9515085
608,10.714551
609,9.905685
610,10.171642
611,9.520908
612,10.254778
613,9.0134735
614,10.68217
615,9.573176
616,11.129657
617,9.4813595
618,10.178236
619,10.789566
620,9.2650175
621,8.302018
622,10.230775
623,9.619466
624,10.898589
625,9.911208
626,10.054877
627,9.692211
628,8.675393
629,9.032648
630,9.688251
631,10.6129265
632,9.324472
633,8.515792
634,9.882826
635,10.839032
636,9.525224
637,10.075843
638,9.417842
639,9.585072
640,9.40063
641,10.0241995
642,9.465835
643,9.744551
644,9.754117
645,10.625101
646,9.727824
647,10.793537
648,9.817985
649,9.027259
650,8.946635
651,9.687754
652,9.361601
653,10.060106
654,8.803575
655,10.008973
656,10.262035
657,9.207035
658,9.979059
659,9.525151
660,9.885018
661,9.775768
662,10.005683
663,10.280862
664,9.674578
665,9.276316
666,9.879963
667,8.709465
668,9.654128
669,9.284705
670,9.5083685
671,9.598592
672,9.660587
673,10.549648
674,10.337054
675,9.601503
676,10.571394
677,9.59893
678,10.312978
679,9.058587
680,10.14808
681,9.60858
682,9.49213
683,9.094255
684,9.782224
685,9.249369
686,9.748587
687,8.964312
688,10.26879
689,10.713818
690,10.20522
691,9.215427
692,9.464207
693,10.894626
694,9.277158
695,8.984944
696,10.789608
697,9.123584
698,10.366844
699,9.335563
700,10.960896
701,10.4834385
702,8.056744
703,10.130902
704,9.609251
705,9.102087
706,10.38242
707,9.170872
708,9.495369
709,9.087495
710,10.316656
711,10.699259
712,9.781263
713,10.912029
714,9.86537
715,9.481969
716,8.775241
717,10.593931
718,9.977853
719,9.444622
720,9.752665
721,8.923592
722,10.282883
723,9.101864
724,9.5395
725,10.930872
726,9.2172165
727,10.475653
728,9.892881
729,9.12271
730,10.327807
731,10.214349
732,10.231567
733,8.80177
734,10.239817
735,9.448412
736,8.930627
737,8.867428
738,10.614156
739,8.673342
740,10.320156
741,8.492081
742,9.337502
743,10.600378
744,9.885883
745,9.070503
746,8.654866
747,10.44392
748,8.003029
749,10.533269
750,10.09005
751,10.904909
752,9.12129
753,9.080232
754,8.074026
755,8.828641
756,9.538421
757,9.728241
758,8.961879
759,10.018912
760,9.8902
761,10.336114
762,10.267714
763,9.45501
764,9.776336
765,9.094817
766,10.764709
767,10.683889
768,9.141419
769,7.8819375
770,8.04719
771,7.948032
772,8.297792
773,8.1939535
774,8.277412
775,7.9707403
776,8.106816
777,8.729074
778,8.11582
779,7.791936
780,8.048788
781,8.144098
782,7.962764
783,7.9266024
784,8.030084
785,8.11582
786,7.6746173
787,8.756053
788,7.6843243
789,8.028129
790,9.319105
791,7.635304
792,7.9533186
793,7.9803658
794,7.639161
795,7.6829433
796,7.6563373
797,8.30177
798,9.369564
799,7.904704
800,8.185907
801,7.7341213
802,7.7676873
803,7.759187
804,7.796469
805,7.8018003
806,8.872627
807,7.6884556
808,7.672758
809,7.7769547
810,8.167636
811,8.114025
812,7.9373746
813,7.9208097
814,7.8188324
815,9.880526
816,8.631949
817,8.4180355
818,8.2022085
819,7.626083
820,9.50301
821,7.8890843
822,8.340694
823,9.055439
824,7.6270576
825,9.075437
826,9.11405
827,8.961751
828,9.149953
829,9.827902
830,9.927107
831,9.9529915
832,10.112573
833,9.455872
834,8.885856
835,9.706864
836,9.354354
837,9.033364
838,8.418919
839,10.209132
840,9.376533
841,8.748305
842,8.288534
843,8.936692
844,9.141526
845,8.950922
846,9.589461
847,9.749695
848,9.061725
849,10.058781
850,9.518928
851,9.703755
852,9.576579
853,9.26426
854,9.401043
855,8.448272
856,8.870944
857,9.299998
858,9.817712
859,9.732877
860,9.791718
861,8.973985
862,9.287394
863,9.663261
864,9.74736
865,9.653486
866,9.474011
867,9.784873
868,9.466919
869,9.390827
870,8.660081
871,9.075437
872,10.079037
873,8.947286
874,9.075208
875,9.9687605
876,9.024854
877,10.008568
878,10.272945
879,8.612867
880,9.435482
881,9.075665
882,9.357639
883,9.333708
884,9.47968
885,9.2533045
886,9.507552
887,9.7691555
888,8.941022
889,8.778018
890,10.266115
891,8.570924
892,9.39066
893,9.076809
894,7.6568103
895,8.334472
896,8.279951
897,9.7382
898,9.853247
899,9.468156
900,10.858865
901,8.491876
902,10.084934
903,8.454041
904,10.566175
905,8.737613
906,9.925787
907,9.0056505
908,9.690789
909,10.116217
910,9.651301
911,10.378634
912,10.25629
913,9.016027
914,9.747828
915,9.25033
916,8.374938
917,10.016638
918,10.468659
919,8.886132
920,10.57398
921,8.744169
922,8.950663
923,9.779227
924,9.725915
925,9.9953375
926,9.563249
927,10.06879
928,9.042749
929,10.450481
930,9.784704
931,10.538582
932,8.928508
933,9.842037
934,10.461645
935,9.985206
936,9.186355
937,10.085351
938,9.777187
939,8.834919
940,9.600353
941,10.364293
942,10.677316
943,9.349319
944,8.785387
945,10.646805
946,9.860058
947,10.561681
948,10.285002
949,9.678405
950,10.580912
951,9.949989
952,9.620727
953,8.228977
954,9.548811
955,7.59287
956,9.137016
957,9.173366
958,8.132119
959,7.8135915
960,9.856396
961,10.313576
962,9.397567
963,9.3699045
964,9.85372
965,9.561631
966,8.525558
967,9.09493
968,8.48529
969,9.502637
970,10.325482
971,9.415646
972,9.6507225
973,9.305832
974,9.88512
975,8.273336
976,9.252346
977,9.182147
978,10.490024
979,9.969416
980,8.269757
981,9.661989
982,9.280239
983,8.923858
984,9.65188
985,9.694924
986,9.498073
987,10.601274
988,9.700882
989,8.133881
990,9.771041
991,8.297295
992,8.416046
993,9.927057
994,8.871506
995,7.8586407
996,9.9228
997,10.469
998,8.148156
999,8.853379
1000,10.076642
1001,8.950922
1002,8.715224
1003,8.479075
1004,8.093462
1005,8.097122
1006,10.703469
1007,9.479604
1008,9.943813
1009,8.867004
1010,9.137016
1011,9.731334
1012,9.371694
1013,10.027959
1014,9.70131
1015,9.657459
1016,10.15413
1017,10.169077
1018,10.178464
1019,9.170872
1020,8.951959
1021,10.031177
1022,9.235326
1023,9.2583685
1024,8.960596
1025,7.799753
1026,9.783521
1027,9.220884
1028,9.240676
1029,10.570855
1030,9.118993
1031,9.375092
1032,10.79405
1033,10.4052925
1034,9.300364
1035,9.435641
1036,8.611958
1037,8.062433
1038,9.835851
1039,10.406472
1040,10.293534
1041,9.109082
1042,9.833387
1043,8.8453455
1044,10.175384
1045,9.884305
1046,9.332293
1047,9.148465
1048,9.141419
1049,8.925188
1050,9.016149
1051,8.923858
1052,9.51731
1053,9.312897
1054,9.887307
1055,10.018511
1056,8.784469
1057,9.869103
1058,10.307685
1059,8.650149
1060,9.017119
1061,8.944681
1062,10.0016575
1063,10.148314
1064,9.252729
1065,9.879502
1066,9.381011
1067,9.017363
1068,10.553649
1069,8.8934355
1070,9.670483
1071,8.84376
1072,10.199324
1073,9.995702
1074,10.547471
1075,9.494466
1076,9.931297
1077,9.166597
1078,9.8218975
1079,8.916103
1080,8.84851
1081,9.073718
1082,7.7748556
1083,9.638741
1084,9.500095
1085,9.059169
1086,10.10197
1087,10.384956
1088,9.102756
1089,8.892061
1090,11.049667
1091,9.060563
1092,10.242563
1093,8.030084
1094,9.005774
1095,10.610833
1096,10.337184
1097,10.2251
1098,9.427788
1099,9.429154
1100,9.38421
1101,9.624501
1102,8.89563
1103,9.312265
1104,9.698184
1105,9.085117
1106,10.499049
1107,9.695294
1108,10.566536
1109,9.885935
1110,9.130431
1111,10.520671
1112,9.62892
1113,9.462499
1114,9.145482
1115,10.1046715
1116,10.2261505
1117,9.94415
1118,10.511948
1119,10.799045
1120,9.682093
1121,9.424322
1122,9.553291
1123,9.999888
1124,9.357812
1125,9.895052
1126,10.247574
1127,10.079497
1128,9.85781
1129,9.681656
1130,10.251888
1131,10.004915
1132,10.18539
1133,9.279306
1134,10.574338
1135,9.741792
1136,10.106102
1137,9.823145
1138,9.45501
1139,9.3833685
1140,9.076467
1141,9.41001
1142,10.340581
1143,10.450481
1144,10.329572
1145,9.910214
1146,10.045855
1147,10.003424
1148,9.45038
1149,10.384771
1150,10.134202
1151,10.20474
1152,9.508666
1153,9.921278
1154,9.631941
1155,7.883446
1156,8.914223
1157,7.988882
1158,8.142645
1159,8.266165
1160,9.426742
1161,9.908724
1162,8.465268
1163,9.017484
1164,8.537388
1165,9.846017
1166,8.661986
1167,8.639411
1168,7.9575276
1169,8.538955
1170,9.3670025
1171,9.184817
1172,10.207768
1173,7.8355794
1174,8.228444
1175,9.538204
1176,9.729194
1177,8.12829
1178,8.683046
1179,9.710874
1180,8.210939
1181,9.195836
1182,8.403129
1183,8.297295
1184,9.819562
1185,9.204322
1186,9.533365
1187,8.912474
1188,7.77191
1189,8.285009
1190,9.842037
1191,8.237743
1192,9.249081
1193,8.091015
1194,9.718362
1195,9.493939
1196,8.698347
1197,8.483843
1198,8.418257
1199,7.67601
1200,9.911258
1201,9.638676
1202,9.213535
1203,7.910224
1204,8.759668
1205,8.0861025
1206,9.197356
1207,9.93086
1208,10.452071
1209,8.493515
1210,10.733959
1211,9.040027
1212,9.280799
1213,9.228573
1214,9.089753
1215,10.344063
1216,10.290212
1217,9.920443
1218,10.222232
1219,10.478611
1220,8.359838
1221,10.445143
1222,8.082402
1223,10.800473
1224,9.963077
1225,10.055779
1226,9.8258505
1227,9.457513
1228,10.2810335
1229,9.4913
1230,8.214736
1231,9.744199
1232,9.795958
1233,9.7564945
1234,9.58404
1235,10.336762
1236,9.831293
1237,8.362409
1238,10.048367
1239,10.658858
1240,9.681593
1241,10.547444
1242,9.682155
1243,10.298465
1244,10.617222
1245,8.560061
1246,10.121699
1247,8.329175
1248,9.713658
1249,10.04477
1250,9.731037
1251,10.21031
1252,9.303557
1253,10.802428
1254,9.862926
1255,9.7448435
1256,9.343034
1257,10.326629
1258,9.864227
1259,10.429753
1260,9.798127
1261,10.137413
1262,9.445017
1263,10.356567
1264,10.408979
1265,8.573195
1266,9.79696
1267,10.306617
1268,8.262043
1269,9.159574
1270,10.0653515
1271,9.893185
1272,9.385805
1273,10.214898
1274,10.636961
1275,10.271805
1276,8.730206
1277,7.939515
1278,9.409273
1279,11.141355
1280,10.384864
1281,8.509564
1282,10.005863
1283,8.687611
1284,10.030209
1285,9.576579
1286,9.931881
1287,9.05684
1288,9.3266115
1289,10.48114
1290,9.676273
1291,9.4201145
1292,10.1313
1293,10.03377
1294,9.588434
1295,10.170571
1296,10.192793
1297,9.9537525
1298,9.766579
1299,9.850772
1300,10.147179
1301,8.613049
1302,9.723702
1303,8.8192215
1304,8.896862
1305,9.2000885
1306,9.470779
1307,10.155724
1308,9.717218
1309,9.656883
1310,9.759097
1311,9.624964
1312,9.21184
1313,8.803575
1314,9.252633
1315,8.760139
1316,10.196343
1317,9.1488905
1318,10.134996
1319,9.493864
1320,9.929155
1321,9.409273
1322,9.966697
1323,9.847446
1324,9.965476
1325,9.473243
1326,9.480215
1327,9.781037
1328,9.623112
1329,9.99479
1330,9.865526
1331,9.499646
1332,9.417436
1333,9.075208
1334,9.530393
1335,9.8842535
1336,9.862614
1337,8.652947
1338,9.644198
1339,10.45051
1340,9.417436
1341,9.221972
1342,9.892022
1343,9.895909
1344,9.555418
1345,9.059169
1346,10.279833
1347,8.853237
1348,9.798127
1349,8.976389
1350,8.784621
1351,9.017119
1352,8.286774
1353,10.393018
1354,9.649112
1355,10.26235
1356,9.4187355
1357,7.736307
1358,9.245225
1359,10.164543
1360,9.530029
1361,9.234155
1362,9.861154
1363,8.700348
1364,10.008028
1365,9.462188
1366,10.158905
1367,9.592673
1368,10.182822
1369,8.888618
1370,10.583651
1371,8.870663
1372,9.047939
1373,8.895219
1374,10.30327
1375,10.097449
1376,10.187914
1377,9.741262
1378,10.394243
1379,9.584177
1380,10.108833
1381,8.825413
1382,10.490829
1383,9.028219
1384,8.024535
1385,9.388235
1386,8.90232
1387,10.137373
1388,9.359708
1389,9.76031
1390,10.399798
1391,10.132692
1392,8.579792
1393,8.346405
1394,9.847341
1395,9.353314
1396,9.063231
1397,9.907629
1398,8.556029
1399,8.68152
1400,8.798001
1401,9.885883
1402,10.536859
1403,9.618336
1404,9.781377
1405,9.294313
1406,10.15782
1407,8.468213
1408,9.4225445
1409,8.091321
1410,9.021478
1411,10.609255
1412,9.429396
1413,9.892123
1414,9.555418
1415,10.527097
1416,8.5805435
1417,9.947791
1418,9.9795685
1419,10.497229
1420,9.025455
1421,10.207879
1422,8.01235
1423,9.320002
1424,7.6468315
1425,10.122021
1426,9.399223
1427,8.914761
1428,8.726644
1429,8.530307
1430,9.696341
1431,8.436417
1432,8.644354
1433,8.656433
1434,8.0900955
1435,8.541691
1436,8.952735
1437,10.394917
1438,9.125327
1439,9.677089
1440,7.9919305
1441,9.194516
1442,8.411833
1443,10.596185
1444,10.282917
1445,8.740336
1446,9.823254
1447,8.194229
1448,9.385469
1449,9.242517
1450,9.627537
1451,8.406038
1452,8.939056
1453,8.807173
1454,8.233237
1455,9.538924
1456,9.605284
1457,9.670861
1458,9.423919
1459,7.851661
1460,9.970913
1461,8.240121
1462,8.834337
1463,9.946835
1464,8.823206
1465,9.321434
1466,10.063351
1467,9.870603
1468,7.985484
1469,10.005638
1470,8.298539
1471,9.3266115
1472,9.510741
1473,7.903227
1474,8.236686
1475,8.255309
1476,8.461258
1477,8.312381
1478,9.750802
1479,10.702368
1480,8.931816
1481,8.423102
1482,9.219399
1483,8.290544
1484,9.603868
1485,8.298041
1486,9.841506
1487,9.05882
1488,9.817058
1489,7.8987823
1490,9.079776
1491,9.364177
1492,9.921328
1493,9.433804
1494,9.783013
1495,9.569552
1496,10.089967
1497,9.616472
1498,10.619081
1499,9.557611
1500,9.337853
1501,10.551663
1502,9.997524
1503,10.374304
1504,9.545455
1505,9.550093
1506,8.748305
1507,9.745429
1508,9.860946
1509,10.468972
1510,9.887815
1511,10.257694
1512,8.231376
1513,9.053686
1514,9.622715
1515,9.374159
1516,9.07326
1517,9.461255
1518,10.212185
1519,10.204666
1520,9.931978
1521,7.869402
1522,10.009872
1523,10.155918
1524,10.370549
1525,10.688461
1526,9.908176
1527,9.229849
1528,10.025528
1529,8.5805435
1530,9.363919
1531,9.405496
1532,9.817167
1533,10.056938
1534,9.655154
1535,8.629807
1536,8.5842905
1537,8.783243
1538,10.410064
1539,9.83553
1540,9.335563
1541,9.390243
1542,8.453401
1543,9.808243
1544,10.017129
1545,8.951699
1546,10.187161
1547,8.579792
1548,9.523032
1549,9.944006
1550,9.9079275
1551,9.950562
1552,10.206846
1553,9.388487
1554,10.242563
1555,8.944028
1556,10.355678
1557,10.115247
1558,10.179148
1559,10.245942
1560,9.066932
1561,10.31248
1562,10.516752
1563,8.661986
1564,11.322914
1565,9.9129925
1566,10.716061
1567,9.977296
1568,9.8979225
1569,10.548757
1570,8.883363
1571,11.264425
1572,10.296239
1573,10.626776
1574,10.225897
1575,10.202629
1576,10.482542
1577,10.29306
1578,10.211082
1579,10.367787
1580,9.358674
1581,10.163503
1582,10.404839
1583,10.449729
1584,10.425846
1585,10.547287
1586,10.706341
1587,9.542015
1588,10.701242
1589,10.562613
1590,9.913587
1591,10.61241
1592,10.0594225
1593,10.768464
1594,10.218189
1595,10.309552
1596,10.302163
1597,9.698123
1598,9.807582
1599,9.367087
1600,10.426321
1601,10.192532
1602,9.9711
1603,9.298992
1604,10.77342
1605,8.9980135
1606,9.233764
1607,10.373428
1608,9.386057
1609,10.250652
1610,11.37912
1611,10.158672
1612,10.473732
1613,9.854822
1614,10.25513
1615,10.729985
1616,9.628392
1617,10.060876
1618,10.042554
1619,9.424403
1620,8.601534
1621,9.169622
1622,8.208491
1623,9.588092
1624,9.182147
1625,9.292197
1626,9.030376
1627,9.501367
1628,8.310661
1629,10.005367
1630,8.085486
1631,9.333708
1632,10.06968
1633,9.4225445
1634,9.453052
1635,9.091219
1636,9.320807
1637,9.658162
1638,9.35988
1639,9.705158
1640,9.473704
1641,8.39931
1642,8.65626
1643,9.467382
1644,8.990566
1645,8.278936
1646,7.7744355
1647,9.561771
1648,8.948976
1649,8.756525
1650,9.5225935
1651,8.612503
1652,8.485084
1653,9.691716
1654,8.759512
1655,10.029635
1656,9.1440935
1657,9.483721
1658,9.356775
1659,10.10806
1660,9.840121
1661,9.768068
1662,7.894318
1663,9.873441
1664,9.152499
1665,9.772468
1666,9.402778
1667,9.948413
1668,9.29321
1669,8.531096
1670,9.245418
1671,9.722506
1672,7.7634463
1673,9.297894
1674,7.7106533
1675,9.3127165
1676,8.503702
1677,8.332789
1678,8.918248
1679,9.592401
1680,8.33663
1681,10.076305
1682,9.970118
1683,9.173366
1684,9.443435
1685,8.750366
1686,8.647695
1687,9.64982
1688,8.87989
1689,9.830433
1690,8.809713
1691,9.443435
1692,11.105469
1693,10.534599
1694,9.200189
1695,10.6372
1696,10.347051
1697,10.220012
1698,10.347853
1699,9.59431
1700,10.105081
1701,9.077152
1702,9.817385
1703,10.095759
1704,10.319893
1705,9.995748
1706,9.989206
1707,9.86277
1708,10.777059
1709,10.113059
1710,8.904766
1711,10.639215
1712,10.828718
1713,9.258464
1714,9.8078575
1715,9.529593
1716,9.464518
1717,9.254644
1718,9.500545
1719,10.638496
1720,9.333089
1721,10.046895
1722,9.576579
1723,9.424483
1724,9.102644
1725,10.234337
1726,10.362936
1727,9.351319
1728,9.334327
1729,10.290653
1730,9.254836
1731,10.192344
1732,10.3373785
1733,9.942131
1734,9.307558
1735,10.2291155
1736,9.045584
1737,9.383285
1738,10.09547
1739,9.003439
1740,10.141599
1741,10.971932
1742,9.758057
1743,10.59215
1744,10.514666
1745,10.565325
1746,9.704427
1747,9.291921
1748,10.359931
1749,10.533056
1750,11.010679
1751,9.960529
1752,8.730852
1753,10.196754
1754,8.97259
1755,9.297985
1756,10.627406
1757,9.976319
1758,9.722984
1759,8.882669
1760,10.453832
1761,8.798153
1762,9.2209835
1763,10.026678
1764,10.480831
1765,11.08762
1766,8.970559
1767,9.038246
1768,8.769041
1769,8.814479
1770,9.933483
1771,9.97762
1772,10.126431
1773,10.181612
1774,9.107421
1775,10.012207
1776,9.717941
1777,10.156927
1778,8.8755665
1779,9.793003
1780,9.652138
1781,9.745781
1782,8.960596
1783,10.087516
1784,9.87019
1785,9.590282
1786,8.805975
1787,9.190138
1788,9.05357
1789,10.072977
1790,9.617138
1791,9.521495
1792,9.7424965
1793,10.450597
1794,9.550734
1795,8.78309
1796,11.186378
1797,10.500454
1798,9.09549
1799,8.85495
1800,10.316392
1801,9.313799
1802,8.726156
1803,9.988105
1804,9.261603
1805,10.047891
1806,9.315691
1807,8.793461
1808,8.272315
1809,8.603555
1810,9.179469
1811,9.916749
1812,9.73761
1813,9.500545
1814,9.068546
1815,10.552213
1816,9.710449
1817,10.082512
1818,9.01542
1819,8.409386
1820,9.526173
1821,10.227996
1822,10.221505
1823,9.5943775
1824,10.024244
1825,10.243987
1826,8.947286
1827,10.499848
1828,8.602636
1829,9.817167
1830,8.835502
1831,8.033334
1832,10.387116
1833,8.169903
1834,10.358568
1835,8.369853
1836,10.020115
1837,9.505618
1838,10.055908
1839,9.027019
1840,9.593628
1841,10.271667
1842,9.63417
1843,9.075093
1844,9.500769
1845,9.578657
1846,9.804661
1847,8.943506
1848,8.667852
1849,9.134323
1850,8.977146
1851,9.064968
1852,10.562897
1853,10.634653
1854,8.460199
1855,9.060099
1856,8.390268
1857,9.612332
1858,7.7222347
1859,8.959569
1860,10.408406
1861,9.406401
1862,9.281544
1863,9.219201
1864,7.9211726
1865,10.87916
1866,10.463903
1867,8.14584
1868,8.303505
1869,10.339676
1870,10.058652
1871,10.002971
1872,9.934453
1873,10.4607
1874,9.874007
1875,9.497997
1876,9.07475
1877,8.306966
1878,9.095827
1879,10.139232
1880,9.443989
1881,9.401043
1882,8.8046255
1883,11.266628
1884,11.120505
1885,7.915348
1886,7.9929447
1887,10.695348
1888,10.882152
1889,10.586635
1890,9.430119
1891,8.841448
1892,9.009081
1893,8.668883
1894,9.396405
1895,9.268232
1896,9.5003195
1897,9.682653
1898,9.776165
1899,9.380758
1900,9.872822
1901,10.465044
1902,9.131514
1903,8.936824
1904,8.618485
1905,9.465757
1906,7.947325
1907,10.359265
1908,8.970305
1909,9.47861
1910,8.955061
1911,9.823361
1912,9.85849
1913,8.834191
1914,8.093768
1915,9.779624
1916,10.269969
1917,10.08042
1918,10.112614
1919,9.944245
1920,10.212368
1921,9.235813
1922,9.442483
1923,9.692025
1924,8.544614
1925,10.232539
1926,10.832418
1927,8.164226
1928,10.009198
1929,8.759982
1930,9.2040205
