,nozero
0,7.50769
1,7.183871
2,7.1770186
3,7.1608458
4,7.355002
5,7.6861625
6,6.9716687
7,6.9536843
8,7.810758
9,7.21524
10,7.536897
11,7.4054956
12,7.538495
13,7.853216
14,7.788626
15,7.174724
16,7.9186287
17,8.0050335
18,7.7146773
19,7.972466
20,8.006034
21,7.425954
22,7.2902927
23,7.283448
24,7.2413664
25,8.986571
26,7.9796815
27,7.9543724
28,8.099251
29,8.303009
30,8.6602545
31,8.696343
32,8.759982
33,9.090318
34,7.8800483
35,8.201386
36,8.001355
37,8.499436
38,9.160204
39,7.962764
40,8.95519
41,9.12129
42,8.974112
43,8.300529
44,8.735686
45,8.489822
46,8.618304
47,8.097731
48,7.720018
49,8.809415
50,8.105308
51,8.661986
52,8.9250555
53,8.349484
54,9.273128
55,8.728103
56,8.683555
57,8.078068
58,8.368462
59,9.011767
60,7.3336763
61,8.339023
62,7.603898
63,7.3938785
64,8.645059
65,8.277412
66,8.805525
67,8.323608
68,8.123261
69,8.623893
70,8.822617
71,7.6463537
72,9.494541
73,9.018696
74,7.933797
75,9.86251
76,7.870166
77,8.881698
78,7.463937
79,8.596559
80,8.363576
81,9.455715
82,8.782016
83,8.748464
84,9.053102
85,8.72372
86,8.703506
87,8.770128
88,7.4483337
89,7.643483
90,7.4436636
91,7.505492
92,8.61975
93,8.494334
94,9.196749
95,8.887791
96,7.7137847
97,7.7497535
98,7.394493
99,8.683724
100,8.8208475
101,8.653995
102,8.197264
103,8.965335
104,8.413165
105,8.820994
106,8.124447
107,8.120886
108,8.738415
109,8.986822
110,8.151045
111,8.958282
112,9.102199
113,8.284252
114,8.599326
115,8.693161
116,7.167038
117,9.131621
118,8.930229
119,8.799662
120,7.721349
121,7.7807207
122,8.901639
123,8.683046
124,8.381145
125,8.763741
126,7.9466176
127,8.551015
128,8.535623
129,8.279951
130,8.418919
131,9.25225
132,7.4395595
133,8.480529
134,8.657476
135,8.701014
136,7.9280457
137,8.456806
138,7.580189
139,7.9543724
140,8.836083
141,9.530756
142,9.171703
143,9.11383
144,8.76655
145,8.585226
146,8.625868
147,9.446281
148,7.5522375
149,7.9946322
150,8.522977
151,8.959697
152,8.833171
153,8.665096
154,9.149103
155,7.974189
156,8.194781
157,8.515992
158,8.659387
159,9.324919
160,8.85723
161,8.504918
162,9.263881
163,8.917981
164,8.157944
165,9.4154825
166,9.057073
167,8.795885
168,8.282736
169,8.837972
170,9.827254
171,7.924434
172,9.017484
173,8.466321
174,8.93827
175,9.066586
176,8.214736
177,8.491055
178,8.731337
179,7.4012313
180,9.2911825
181,9.873956
182,8.926385
183,8.224968
184,8.578288
185,8.396606
186,8.2623005
187,8.235361
188,8.539932
189,9.287024
190,9.299358
191,9.018696
192,8.777555
193,8.528529
194,9.086816
195,8.640295
196,9.215726
197,7.8995247
198,7.8972964
199,8.583168
200,8.510773
201,8.800566
202,8.408494
203,9.129564
204,7.7798853
205,9.39441
206,8.820256
207,8.665268
208,7.616776
209,8.780327
210,8.2948
211,8.9994955
212,9.136371
213,9.141633
214,8.394799
215,8.568076
216,8.339023
217,8.979165
218,7.823646
219,9.357294
220,7.9738445
221,9.1768875
222,9.349145
223,8.973478
224,8.928243
225,8.2247
226,8.649274
227,8.808518
228,8.513386
229,7.730175
230,8.097731
231,9.153453
232,9.081939
233,8.802221
234,8.699848
235,8.422442
236,9.201401
237,8.48198
238,7.422374
239,8.357493
240,9.224934
241,8.671801
242,8.131531
243,8.4736595
244,9.058354
245,9.016634
246,8.18144
247,8.858511
248,8.509161
249,7.824846
250,8.967122
251,8.108021
252,8.163656
253,8.161946
254,8.707979
255,8.417594
256,7.8228455
257,8.388223
258,7.9672804
259,8.414718
260,9.203819
261,8.846497
262,7.4133673
263,8.519191
264,8.371243
265,9.181632
266,8.033983
267,8.893573
268,8.6174
269,8.173858
270,9.020148
271,9.087155
272,8.740017
273,8.68186
274,7.956126
275,9.131838
276,8.29355
277,9.131947
278,8.37908
279,8.311152
280,8.310906
281,8.342125
282,8.863616
283,8.697179
284,8.257126
285,8.100465
286,8.662678
287,9.072572
288,8.933137
289,8.465899
290,8.861775
291,7.247081
292,9.38421
293,9.072112
294,8.444622
295,8.046229
296,7.6577554
297,8.354674
298,8.367067
299,8.795128
300,9.1569395
301,9.349058
302,7.8766384
303,8.649448
304,9.391411
305,8.739216
306,9.402282
307,8.700681
308,7.974533
309,8.905851
310,9.262174
311,7.6998425
312,8.950403
313,8.125039
314,8.783855
315,8.703672
316,8.331104
317,8.713746
318,9.020268
319,9.037652
320,8.9900675
321,8.638349
322,7.4193807
323,8.754792
324,7.6834035
325,8.990815
326,8.14119
327,8.754003
328,8.983189
329,8.316055
330,9.27996
331,9.113499
332,8.417151
333,8.197814
334,9.342508
335,9.130431
336,9.173573
337,8.677951
338,8.416267
339,7.9765954
340,8.507345
341,9.043341
342,9.245515
343,8.017966
344,9.224145
345,8.802072
346,8.812992
347,9.1075325
348,8.541301
349,8.434246
350,9.352361
351,8.933269
352,9.183483
353,8.498622
354,8.732305
355,8.531688
356,8.041413
357,7.6430035
358,9.091219
359,8.963673
360,8.78554
361,8.730852
362,9.129997
363,8.8720665
364,9.642707
365,7.5294065
366,8.413165
367,8.330864
368,8.692993
369,8.050703
370,7.20934
371,8.274102
372,8.429454
373,9.327946
374,8.303505
375,7.597898
376,8.000014
377,7.790696
378,7.9871845
379,8.357493
380,8.257126
381,8.604471
382,8.647695
383,9.606361
384,8.568457
385,7.3575563
386,9.141954
387,7.9355874
388,8.697513
389,8.026497
390,7.9080195
391,8.7217655
392,7.664816
393,8.769507
394,8.029758
395,8.451054
396,7.3178763
397,7.67601
398,8.076515
399,8.153638
400,8.507749
401,7.745868
402,8.977273
403,8.344268
404,8.779712
405,8.6757345
406,9.146441
407,8.134174
408,7.35628
409,8.499029
410,7.2442274
411,7.1861444
412,9.039196
413,7.005789
414,8.520986
415,8.609591
416,7.924796
417,9.341105
418,8.95364
419,8.911261
420,8.337349
421,7.6861625
422,8.702012
423,8.286269
424,8.515391
425,8.083637
426,8.180601
427,8.766238
428,9.086816
429,8.64453
430,8.506739
431,9.092682
432,7.74327
433,7.4448333
434,7.18007
435,9.194313
436,8.013012
437,7.0282016
438,8.220673
439,7.221105
440,9.11383
441,7.9817333
442,8.273082
443,8.9485855
444,7.828038
445,9.608512
446,9.139274
447,9.009081
448,8.446556
449,8.956222
450,8.578853
451,8.704502
452,9.355392
453,9.724421
454,8.975757
455,9.380421
456,8.548305
457,8.511578
458,8.500047
459,9.553505
460,8.475329
461,9.664596
462,8.560827
463,9.457903
464,8.8946705
465,7.9624157
466,9.11052
467,8.838262
468,8.2179785
469,8.4463415
470,9.162515
471,8.114025
472,9.18789
473,8.535623
474,9.217515
475,9.348362
476,9.438272
477,9.696956
478,8.637816
479,9.157361
480,8.695339
481,8.628735
482,9.2650175
483,9.42819
484,9.011157
485,9.175542
486,8.980298
487,9.043104
488,8.85195
489,8.927845
490,9.204423
491,8.546557
492,9.156412
493,9.054739
494,8.630165
495,9.3823595
496,8.877382
497,9.358761
498,8.230844
499,9.426983
500,8.331827
501,8.482187
502,9.456263
503,8.802372
504,9.544667
505,8.713582
506,9.41042
507,8.664406
508,8.839711
509,9.746776
510,9.146441
511,8.679142
512,9.042276
513,8.794976
514,8.805375
515,9.201905
516,8.996776
517,8.751158
518,9.685456
519,9.463509
520,8.230844
521,9.364005
522,9.775143
523,9.174713
524,9.331939
525,9.39066
526,8.476996
527,8.17892
528,9.31425
529,8.515592
530,8.91153
531,9.6060915
532,9.20984
533,9.609318
534,9.202208
535,8.887652
536,9.081711
537,9.014447
538,9.174506
539,8.4553175
540,9.07989
541,9.436679
542,9.188503
543,9.231809
544,9.373904
545,9.547955
546,8.707979
547,9.187072
548,9.501367
549,9.130431
550,9.08557
551,9.347752
552,9.001716
553,9.432283
554,9.523106
555,9.012256
556,9.507552
557,8.793157
558,9.401704
559,9.290998
560,8.477828
561,8.887515
562,8.434898
563,8.710125
564,9.6565
565,9.912596
566,9.587269
567,8.351611
568,8.2511425
569,9.422221
570,8.33351
571,9.732996
572,9.662053
573,9.273691
574,8.817001
575,9.6789055
576,8.482809
577,8.788593
578,9.805324
579,8.431635
580,9.690851
581,8.300777
582,9.521861
583,9.326522
584,7.8030267
585,9.156729
586,8.95854
587,8.768419
588,9.560926
589,8.170468
590,9.822386
591,8.681351
592,8.95944
593,9.709721
594,7.8838234
595,9.474089
596,8.930758
597,9.175542
598,9.743026
599,8.788898
600,9.199179
601,9.42835
602,9.619399
603,9.906932
604,8.739376
605,9.630957
606,8.78309
607,9.879042
608,9.651365
609,8.825853
610,9.238831
611,8.728426
612,9.137554
613,8.297045
614,9.559024
615,8.646993
616,9.908277
617,8.594339
618,9.253208
619,9.672312
620,8.425516
621,7.5464463
622,9.261414
623,8.672486
624,9.729967
625,8.986822
626,9.163144
627,8.793916
628,7.939515
629,8.325548
630,8.826735
631,9.545169
632,8.525757
633,7.7798853
634,9.09212
635,9.81
636,8.604288
637,9.11504
638,8.599142
639,8.754792
640,8.5961895
641,9.205529
642,8.647168
643,8.868413
644,8.866017
645,9.576371
646,8.898639
647,9.663707
648,8.985195
649,8.321665
650,8.228444
651,8.86982
652,8.604471
653,9.161675
654,8.12711
655,9.0623045
656,9.29459
657,8.3968315
658,9.142811
659,8.592115
660,8.930758
661,8.848653
662,9.139274
663,9.345483
664,8.853522
665,8.335911
666,9.034915
667,7.999007
668,8.895904
669,8.549661
670,8.75684
671,8.746876
672,8.7489395
673,9.580317
674,9.421574
675,8.814924
676,9.634431
677,8.679822
678,9.403355
679,8.346168
680,9.169726
681,8.778634
682,8.649624
683,8.38754
684,8.95364
685,8.454467
686,8.8338995
687,8.253748
688,9.359105
689,9.652716
690,9.201199
691,8.487558
692,8.669571
693,9.712267
694,8.494947
695,8.227376
696,9.655218
697,8.32821
698,9.427708
699,8.521783
700,9.81329
701,9.4225445
702,7.3118863
703,9.187583
704,8.84246
705,8.275376
706,9.48994
707,8.369853
708,8.641179
709,8.321908
710,9.371864
711,9.712448
712,8.95944
713,9.905635
714,9.025455
715,8.622454
716,8.029107
717,9.656116
718,9.116139
719,8.604654
720,8.803575
721,8.174985
722,9.302555
723,8.305484
724,8.76655
725,9.897368
726,8.468213
727,9.555206
728,9.015298
729,8.419801
730,9.490696
731,9.363833
732,9.322418
733,8.0680895
734,9.356171
735,8.550048
736,8.130354
737,8.108021
738,9.636262
739,7.915348
740,9.354874
741,7.7497535
742,8.512382
743,9.51
744,9.033126
745,8.230577
746,7.8913307
747,9.49296
748,7.2520537
749,9.565845
750,9.192787
751,9.867653
752,8.344268
753,8.218517
754,7.344719
755,8.1086235
756,8.631771
757,8.889032
758,8.215277
759,9.131947
760,9.025095
761,9.318836
762,9.303284
763,8.662678
764,8.909101
765,8.250359
766,9.723942
767,9.695355
768,8.333751
769,7.1647205
770,7.367077
771,7.2254815
772,7.5595593
773,7.474205
774,7.5673456
775,7.2555914
776,7.3957214
777,7.978654
778,7.431892
779,7.0842266
780,7.342779
781,7.4193807
782,7.2730927
783,7.242798
784,7.297091
785,7.41698
786,6.985642
787,7.986165
788,6.9994226
789,7.3421316
790,8.504108
791,6.9382844
792,7.256297
793,7.270313
794,6.933423
795,6.9574976
796,6.9555926
797,7.559038
798,8.549079
799,7.191429
800,7.457609
801,7.0255384
802,7.056175
803,7.06732
804,7.09091
805,7.103322
806,8.109526
807,6.997596
808,6.9865665
809,7.0509896
810,7.4442487
811,7.4133673
812,7.248504
813,7.1966867
814,7.1188264
815,8.947286
816,7.9483852
817,7.7030077
818,7.484369
819,6.98749
820,8.541301
821,7.1123276
822,7.6875386
823,8.274612
824,7.0148144
825,8.291296
826,8.318499
827,8.247482
828,8.400884
829,8.977652
830,9.077266
831,8.909101
832,9.170039
833,8.5961895
834,8.163656
835,8.8921995
836,8.590258
837,8.279444
838,7.5786567
839,9.277625
840,8.609773
841,7.994295
842,7.5522375
843,8.122074
844,8.326033
845,8.208764
846,8.797398
847,8.696009
848,8.313117
849,9.191361
850,8.679992
851,8.877242
852,8.752108
853,8.45808
854,8.583168
855,7.7257714
856,8.111928
857,8.503095
858,8.9879465
859,8.890273
860,8.768263
861,8.230044
862,8.546557
863,8.821585
864,8.920122
865,8.79255
866,8.672144
867,8.981304
868,8.639765
869,8.573952
870,7.771067
871,8.329175
872,9.062768
873,8.160233
874,8.244334
875,8.950403
876,8.286269
877,8.954544
878,9.266532
879,7.8950634
880,8.621193
881,8.110427
882,8.589328
883,8.598589
884,8.709135
885,8.414274
886,8.658172
887,8.980676
888,8.252446
889,7.8001633
890,9.350711
891,7.7630215
892,8.600983
893,8.3163
894,7.034388
895,7.584773
896,7.4838066
897,8.840146
898,8.8978195
899,8.603188
900,9.67853
901,7.7270947
902,9.077152
903,7.719574
904,9.544953
905,7.9837813
906,8.9981365
907,8.229244
908,8.85723
909,9.11052
910,8.782936
911,9.407222
912,9.319553
913,8.220403
914,8.884056
915,8.467162
916,7.6774006
917,8.988071
918,9.395325
919,8.112228
920,9.583214
921,7.963808
922,8.178358
923,8.8934355
924,8.906393
925,9.023167
926,8.785387
927,9.139488
928,8.250881
929,9.491527
930,8.840725
931,9.591786
932,8.15966
933,8.892749
934,9.489562
935,9.002701
936,8.363809
937,9.045938
938,8.926119
939,8.074338
940,8.675052
941,9.350016
942,9.590966
943,8.515992
944,7.9686656
945,9.631482
946,9.029058
947,9.406976
948,9.346182
949,8.696677
950,9.528139
951,9.069928
952,8.71029
953,7.49276
954,8.628914
955,6.916715
956,8.366836
957,8.335431
958,7.4330754
959,7.12206
960,8.97259
961,9.313709
962,8.591187
963,8.549661
964,8.922925
965,8.740497
966,7.791936
967,8.298539
968,7.7437034
969,8.6976795
970,9.335298
971,8.602269
972,8.776476
973,8.413609
974,9.004545
975,7.497207
976,8.371473
977,8.373785
978,9.439784
979,8.987572
980,7.5032897
981,8.760453
982,8.40492
983,8.068403
984,8.782016
985,8.811652
986,8.646817
987,9.530538
988,8.768107
989,7.386471
990,8.909235
991,7.5595593
992,7.6925697
993,9.066586
994,8.108322
995,7.1244783
996,9.031333
997,9.428109
998,7.396949
999,8.054205
1000,9.143773
1001,8.138857
1002,7.9434276
1003,7.6912003
1004,7.376508
1005,7.3575563
1006,9.611529
1007,8.643826
1008,9.002086
1009,8.087026
1010,8.345455
1011,8.883363
1012,8.49126
1013,9.1075325
1014,8.831566
1015,8.78263
1016,9.222566
1017,9.170768
1018,9.290444
1019,8.397058
1020,8.1665
1021,9.090881
1022,8.434029
1023,8.501877
1024,8.230577
1025,7.123673
1026,8.846497
1027,8.432941
1028,8.467583
1029,9.4536
1030,8.307953
1031,8.562549
1032,9.690232
1033,9.364434
1034,8.48198
1035,8.6307
1036,7.865572
1037,7.343426
1038,8.885164
1039,9.392995
1040,9.303375
1041,8.256088
1042,8.95944
1043,7.965893
1044,9.217912
1045,8.990815
1046,8.478037
1047,8.377932
1048,8.331346
1049,8.149313
1050,8.240385
1051,8.131531
1052,8.677269
1053,8.447844
1054,9.023167
1055,9.059518
1056,8.0077
1057,8.916506
1058,9.360999
1059,7.8902082
1060,8.229244
1061,8.17892
1062,9.073375
1063,9.16712
1064,8.467583
1065,8.9976425
1066,8.570544
1067,8.238537
1068,9.523836
1069,8.1179085
1070,8.830981
1071,8.073403
1072,9.228376
1073,9.098739
1074,9.514585
1075,8.637462
1076,8.9999895
1077,8.347827
1078,8.907207
1079,8.106213
1080,8.093157
1081,8.169903
1082,7.0361485
1083,8.809266
1084,8.663024
1085,8.269501
1086,9.197457
1087,9.389741
1088,8.249837
1089,8.095903
1090,9.814711
1091,8.273847
1092,9.252346
1093,7.32449
1094,8.13564
1095,9.677214
1096,9.429556
1097,9.324561
1098,8.63888
1099,8.580731
1100,8.614139
1101,8.865453
1102,8.142063
1103,8.628555
1104,8.934587
1105,8.397734
1106,9.541298
1107,8.861067
1108,9.529884
1109,8.990441
1110,8.218248
1111,9.531191
1112,8.778018
1113,8.668883
1114,8.449343
1115,9.229457
1116,9.262459
1117,9.083756
1118,9.491753
1119,9.731096
1120,8.850088
1121,8.631771
1122,8.73456
1123,9.128154
1124,8.589328
1125,9.043341
1126,9.290537
1127,9.14174
1128,9.047939
1129,8.818187
1130,9.31434
1131,9.076809
1132,9.253113
1133,8.567506
1134,9.549096
1135,8.907071
1136,9.219102
1137,8.985821
1138,8.689632
1139,8.601351
1140,8.305731
1141,8.683555
1142,9.395492
1143,9.494692
1144,9.367259
1145,9.070619
1146,9.204825
1147,9.129564
1148,8.667852
1149,9.401374
1150,9.2172165
1151,9.2031145
1152,8.536996
1153,8.856661
1154,8.64453
1155,7.179308
1156,7.9412956
1157,7.194437
1158,7.3926477
1159,7.5196924
1160,8.593413
1161,9.0082245
1162,7.6381984
1163,8.191463
1164,7.5400906
1165,8.790877
1166,7.9138865
1167,7.770223
1168,7.270313
1169,7.7106533
1170,8.512583
1171,8.392536
1172,9.175024
1173,7.103322
1174,7.521318
1175,8.508556
1176,8.682538
1177,7.4036703
1178,7.7579064
1179,8.72258
1180,7.4460015
1181,8.427925
1182,7.643483
1183,7.522941
1184,8.84621
1185,8.269757
1186,8.522181
1187,8.116715
1188,7.057898
1189,7.5358305
1190,8.8832245
1191,7.4882936
1192,8.414718
1193,7.3466554
1194,8.665096
1195,8.504311
1196,7.894318
1197,7.759187
1198,7.7052627
1199,6.9966817
1200,8.936562
1201,8.700848
1202,8.365439
1203,7.1966867
1204,8.002359
1205,7.5016346
1206,8.321422
1207,8.917579
1208,9.472089
1209,7.8563194
1210,9.623575
1211,8.247744
1212,8.407378
1213,8.327968
1214,8.275631
1215,9.39765
1216,9.275191
1217,9.070273
1218,9.308374
1219,9.355739
1220,7.6468315
1221,9.503458
1222,7.3975616
1223,9.676901
1224,9.001593
1225,9.150378
1226,8.860357
1227,8.588024
1228,9.30465
1229,8.627123
1230,7.4650826
1231,8.8705225
1232,8.819665
1233,8.77137
1234,8.704834
1235,9.330875
1236,8.869679
1237,7.63868
1238,9.150697
1239,9.4651375
1240,8.762333
1241,9.381685
1242,8.868695
1243,9.400878
1244,9.509927
1245,7.8316174
1246,9.156623
1247,7.639161
1248,8.789051
1249,9.130864
1250,8.797246
1251,9.302737
1252,8.517193
1253,9.57928
1254,9.005036
1255,8.783549
1256,8.465899
1257,9.304741
1258,8.847648
1259,9.447782
1260,8.862625
1261,9.16052
1262,8.601167
1263,9.208439
1264,9.462965
1265,7.7761154
1266,8.871926
1267,9.329634
1268,7.541683
1269,8.259717
1270,9.011401
1271,8.945072
1272,8.591743
1273,9.277345
1274,9.598863
1275,9.265302
1276,7.971776
1277,7.231287
1278,8.509766
1279,9.922212
1280,9.386644
1281,7.800982
1282,9.11548
1283,7.930566
1284,9.166911
1285,8.774931
1286,9.066701
1287,8.256088
1288,8.482602
1289,9.60434
1290,8.85723
1291,8.61214
1292,9.145695
1293,9.143024
1294,8.714567
1295,9.2794
1296,9.291275
1297,9.116579
1298,8.910451
1299,8.9998665
1300,9.273785
1301,7.872074
1302,8.899322
1303,8.041413
1304,8.060856
1305,8.3891325
1306,8.667164
1307,9.20994
1308,8.910451
1309,8.837972
1310,8.877661
1311,8.810758
1312,8.476788
1313,8.038189
1314,8.468003
1315,8.042056
1316,9.262174
1317,8.248006
1318,9.2096405
1319,8.61123
1320,9.065661
1321,8.511376
1322,9.090881
1323,8.987322
1324,9.105979
1325,8.678291
1326,8.704336
1327,8.892337
1328,8.816705
1329,9.153347
1330,9.021357
1331,8.69651
1332,8.589142
1333,8.300777
1334,8.752423
1335,9.04982
1336,9.048409
1337,7.912057
1338,8.839711
1339,9.502189
1340,8.61975
1341,8.3968315
1342,9.065892
1343,9.050055
1344,8.682368
1345,8.274357
1346,9.230927
1347,8.012681
1348,8.950144
1349,8.1792
1350,8.014667
1351,8.102587
1352,7.545918
1353,9.471781
1354,8.764053
1355,9.332204
1356,8.581294
1357,7.044905
1358,8.4372835
1359,9.256365
1360,8.584665
1361,8.391857
1362,8.966739
1363,7.9405837
1364,9.127176
1365,8.61577
1366,9.207335
1367,8.782016
1368,9.237274
1369,8.089176
1370,9.539716
1371,8.077447
1372,8.258681
1373,8.05896
1374,9.371864
1375,9.193906
1376,9.280053
1377,8.881558
1378,9.418817
1379,8.660427
1380,9.222763
1381,7.958227
1382,9.538421
1383,8.267192
1384,7.32449
1385,8.577159
1386,8.116118
1387,9.22582
1388,8.528133
1389,8.811205
1390,9.417029
1391,9.220291
1392,7.8184304
1393,7.620705
1394,8.891236
1395,8.52536
1396,8.268989
1397,9.035511
1398,7.810353
1399,7.8022094
1400,7.969358
1401,8.877242
1402,9.549025
1403,8.780941
1404,8.90964
1405,8.439015
1406,9.238247
1407,7.7084107
1408,8.592857
1409,7.3543625
1410,8.1934
1411,9.575053
1412,8.565221
1413,9.064621
1414,8.701346
1415,9.477233
1416,7.7993436
1417,9.058471
1418,9.107643
1419,9.501292
1420,8.225503
1421,9.272094
1422,7.30586
1423,8.482602
1424,6.922644
1425,9.2040205
1426,8.575651
1427,8.083637
1428,7.889459
1429,7.7861366
1430,8.834482
1431,7.650169
1432,7.8913307
1433,7.8228455
1434,7.3639135
1435,7.7137847
1436,8.181161
1437,9.398313
1438,8.325064
1439,8.809713
1440,7.2633295
1441,8.342602
1442,7.622664
1443,9.559306
1444,9.349058
1445,7.9765954
1446,8.967887
1447,7.381502
1448,8.579604
1449,8.404248
1450,8.805825
1451,7.668561
1452,8.116118
1453,7.9669337
1454,7.4395595
1455,8.651549
1456,8.644707
1457,8.730044
1458,8.542861
1459,7.145196
1460,9.093582
1461,7.51915
1462,7.988543
1463,9.027498
1464,7.970395
1465,8.514189
1466,9.182455
1467,8.995165
1468,7.26403
1469,9.051813
1470,7.5714736
1471,8.465899
1472,8.688454
1473,7.167038
1474,7.4229712
1475,7.501082
1476,7.7209053
1477,7.6157913
1478,8.881002
1479,9.62536
1480,8.0861025
1481,7.710205
1482,8.431417
1483,7.5857887
1484,8.802823
1485,7.6211953
1486,8.914223
1487,8.244071
1488,8.902592
1489,7.2167096
1490,8.288534
1491,8.551981
1492,8.9758835
1493,8.518393
1494,8.837391
1495,8.719808
1496,9.191871
1497,8.74401
1498,9.565073
1499,8.637462
1500,8.509967
1501,9.47991
1502,9.125
1503,9.385302
1504,8.743053
1505,8.664578
1506,8.005701
1507,8.897956
1508,9.04688
1509,9.447308
1510,8.969288
1511,9.347839
1512,7.502738
1513,8.282483
1514,8.687611
1515,8.581857
1516,8.306719
1517,8.651025
1518,9.171911
1519,9.255982
1520,9.0594015
1521,7.202661
1522,9.054973
1523,9.242711
1524,9.421816
1525,9.613937
1526,8.954028
1527,8.368229
1528,9.0055275
1529,7.8678713
1530,8.529715
1531,8.513386
1532,8.84621
1533,9.134431
1534,8.818038
1535,7.853605
1536,7.83637
1537,8.03948
1538,9.414016
1539,8.899867
1540,8.53778
1541,8.580168
1542,7.720462
1543,8.943898
1544,9.113278
1545,8.154213
1546,9.296427
1547,7.809541
1548,8.6673355
1549,9.040145
1550,8.954287
1551,9.112287
1552,9.261128
1553,8.560636
1554,9.300364
1555,8.140607
1556,9.342508
1557,9.123911
1558,9.134862
1559,9.202611
1560,8.281977
1561,9.334149
1562,9.398726
1563,7.9197197
1564,10.071287
1565,8.9997425
1566,9.608378
1567,9.0524
1568,8.9899435
1569,9.545169
1570,8.150179
1571,9.987599
1572,9.330875
1573,9.547526
1574,9.250906
1575,9.185432
1576,9.476314
1577,9.266248
1578,9.238928
1579,9.371609
1580,8.592486
1581,9.21174
1582,9.4214115
1583,9.434124
1584,9.42529
1585,9.552866
1586,9.674766
1587,8.755265
1588,9.680094
1589,9.587886
1590,9.062884
1591,9.627009
1592,9.138952
1593,9.656564
1594,9.306831
1595,9.299358
1596,9.362632
1597,8.8775215
1598,8.916506
1599,8.576406
1600,9.412138
1601,9.19299
1602,9.022081
1603,8.524764
1604,9.673885
1605,8.200288
1606,8.482187
1607,9.320897
1608,8.631414
1609,9.346094
1610,10.028004
1611,9.245321
1612,9.441373
1613,8.987447
1614,9.320629
1615,9.731512
1616,8.796187
1617,9.107089
1618,9.077266
1619,8.537975
1620,7.8438487
1621,8.276649
1622,7.5021863
1623,8.678802
1624,8.385033
1625,8.458292
1626,8.172165
1627,8.724695
1628,7.5933743
1629,9.084097
1630,7.336937
1631,8.539932
1632,9.100637
1633,8.630165
1634,8.634621
1635,8.221747
1636,8.446771
1637,8.838262
1638,8.573384
1639,8.855948
1640,8.656955
1641,7.5918617
1642,7.86442
1643,8.529517
1644,8.102889
1645,7.4018416
1646,7.083388
1647,8.734077
1648,8.17611
1649,8.002694
1650,8.7162075
1651,7.8204393
1652,7.7454357
1653,8.843327
1654,7.9752207
1655,9.028818
1656,8.273082
1657,8.658519
1658,8.566745
1659,9.0889635
1660,8.922392
1661,8.861492
1662,7.194437
1663,8.911261
1664,8.313852
1665,8.933137
1666,8.609043
1667,9.034677
1668,8.434246
1669,7.7587605
1670,8.474077
1671,8.8720665
1672,7.09091
1673,8.458928
1674,7.010312
1675,8.4463415
1676,7.706613
1677,7.46049
1678,8.12947
1679,8.740817
1680,7.621685
1681,9.1769905
1682,9.093245
1683,8.383433
1684,8.593413
1685,8.028781
1686,7.917172
1687,8.783397
1688,8.095599
1689,8.987197
1690,8.040125
1691,8.631236
1692,9.989986
1693,9.568085
1694,8.370547
1695,9.586994
1696,9.377125
1697,9.296701
1698,9.43068
1699,8.768263
1700,9.080345
1701,8.271293
1702,8.924656
1703,9.182764
1704,9.401539
1705,9.159574
1706,9.093357
1707,8.995413
1708,9.809452
1709,9.240676
1710,8.143808
1711,9.689923
1712,9.795178
1713,8.377932
1714,8.851664
1715,8.713089
1716,8.654343
1717,8.469053
1718,8.698681
1719,9.687134
1720,8.537192
1721,9.1805
1722,8.735365
1723,8.623174
1724,8.312135
1725,9.3337965
1726,9.473474
1727,8.55314
1728,8.511578
1729,9.378817
1730,8.435766
1731,9.307558
1732,9.457435
1733,9.099409
1734,8.453614
1735,9.289336
1736,8.208491
1737,8.510773
1738,9.175024
1739,8.190354
1740,9.15006
1741,9.900433
1742,8.898366
1743,9.611396
1744,9.547384
1745,9.57755
1746,8.874728
1747,8.4375
1748,9.446281
1749,9.480444
1750,9.945828
1751,9.127828
1752,8.015987
1753,9.266532
1754,8.267706
1755,8.537388
1756,9.610726
1757,9.110851
1758,8.77555
1759,8.14119
1760,9.538636
1761,8.12415
1762,8.454041
1763,9.148358
1764,9.578311
1765,10.061687
1766,8.255309
1767,8.166216
1768,8.016318
1769,8.07278
1770,9.030855
1771,9.015663
1772,9.218705
1773,9.107643
1774,8.284504
1775,8.983816
1776,8.776321
1777,9.198066
1778,8.109826
1779,8.875707
1780,8.702344
1781,8.910855
1782,8.174421
1783,9.212638
1784,9.019301
1785,8.672829
1786,8.064951
1787,8.315566
1788,8.264621
1789,9.052633
1790,8.665786
1791,8.719645
1792,8.771215
1793,9.441531
1794,8.738415
1795,7.988882
1796,9.922212
1797,9.512443
1798,8.157657
1799,8.063063
1800,9.318657
1801,8.516793
1802,7.9291267
1803,8.975757
1804,8.477828
1805,9.074406
1806,8.499029
1807,8.038512
1808,7.5164332
1809,7.854381
1810,8.35538
1811,8.938138
1812,8.7478285
1813,8.644707
1814,8.310906
1815,9.545383
1816,8.757154
1817,9.16199
1818,8.226306
1819,7.689829
1820,8.577536
1821,9.267477
1822,9.305378
1823,8.61577
1824,9.092682
1825,9.347839
1826,8.152198
1827,9.537772
1828,7.8924522
1829,8.852808
1830,8.091321
1831,7.298445
1832,9.400878
1833,7.462215
1834,9.294682
1835,7.6333694
1836,9.138952
1837,8.531885
1838,9.130973
1839,8.231376
1840,8.771215
1841,9.363148
1842,8.813438
1843,8.2933
1844,8.704004
1845,8.768886
1846,8.985821
1847,8.216358
1848,7.9669337
1849,8.39638
1850,8.2623005
1851,8.302018
1852,9.606967
1853,9.651044
1854,7.761319
1855,8.320205
1856,7.6834035
1857,8.796793
1858,7.029973
1859,8.189799
1860,9.4836445
1861,8.631771
1862,8.528924
1863,8.337828
1864,7.221105
1865,9.730384
1866,9.523617
1867,7.3395376
1868,7.522941
1869,9.329811
1870,9.096724
1871,9.058121
1872,9.032409
1873,9.348362
1874,8.938663
1875,8.617581
1876,8.265393
1877,7.533159
1878,8.285009
1879,9.153876
1880,8.611412
1881,8.564267
1882,8.011355
1883,9.948126
1884,9.93518
1885,7.1592917
1886,7.229839
1887,9.585415
1888,9.759271
1889,9.43867
1890,8.569216
1891,8.063063
1892,8.197814
1893,7.870548
1894,8.582045
1895,8.407378
1896,8.645059
1897,8.7863035
1898,8.878358
1899,8.560253
1900,8.966994
1901,9.405496
1902,8.326033
1903,8.113127
1904,7.8485436
1905,8.619389
1906,7.190676
1907,9.295324
1908,8.165363
1909,8.578288
1910,8.170186
1911,8.930494
1912,8.965079
1913,8.044306
1914,7.3466554
1915,8.893847
1916,9.240579
1917,9.173469
1918,9.204322
1919,9.007734
1920,9.208439
1921,8.384347
1922,8.611594
1923,8.862767
1924,7.797702
1925,9.257033
1926,9.707594
1927,7.4163785
1928,9.106867
1929,7.9287663
1930,8.374476
